-- create some default roles
INSERT INTO ROLE (ID, DATE_CREATED, DATE_UPDATED, ROLE) VALUES (1, CURRENT_TIMESTAMP, null, 'ROLE_ADMIN');
INSERT INTO ROLE (ID, DATE_CREATED, DATE_UPDATED, ROLE) VALUES (2, CURRENT_TIMESTAMP, null, 'ROLE_USER');
INSERT INTO ROLE (ID, DATE_CREATED, DATE_UPDATED, ROLE) VALUES (3, CURRENT_TIMESTAMP, null, 'ROLE_VALIDATED_USER');

-- create default admin user
INSERT INTO USER (ID, DATE_CREATED, DATE_UPDATED, FIRSTNAME, LASTNAME, USERNAME, PASSWORD, ENABLED, VALIDATED, COMMENT) VALUES (1, CURRENT_TIMESTAMP, null, 'Administrative', 'User', 'admin@localhost', '$2a$10$Mh15SZESNbv7VbK.RlQLLedwZbonAo5kBSzSWCz9HZrNWMJckJdIu', TRUE, TRUE, 'password is password');
INSERT INTO USER_ROLES (USER_ID, ROLE_ID) VALUES (1, 1);
INSERT INTO USER_ROLES (USER_ID, ROLE_ID) VALUES (1, 2);
INSERT INTO USER_ROLES (USER_ID, ROLE_ID) VALUES (1, 3);

-- create The Baker Family
INSERT INTO FAMILY (ID, DATE_CREATED, DATE_UPDATED, FAMILY_NAME) VALUES (1, CURRENT_TIMESTAMP, null, 'The Baker Family');

-- create Greg Baker (parent)
INSERT INTO USER (ID, DATE_CREATED, DATE_UPDATED, FIRSTNAME, LASTNAME, USERNAME, PASSWORD, ENABLED, VALIDATED, COMMENT) VALUES (2, CURRENT_TIMESTAMP, null, 'Gregory', 'Baker', 'greg.baker.bsc@gmail.com', '$2a$10$Stextcggi2pPAMpBC3Yt7ucSAFvt6F/W4gmQcHOgIIFbcHS9wq.l6', TRUE, TRUE, 'password is invaders');
INSERT INTO USER_ROLES (USER_ID, ROLE_ID) VALUES (2, 2);
INSERT INTO USER_ROLES (USER_ID, ROLE_ID) VALUES (2, 3);
INSERT INTO FAMILY_MEMBER (ID, DATE_CREATED, DATE_UPDATED, USER_ID, FAMILY_ID, FAMILY_MEMBER_TYPE) VALUES (2, CURRENT_TIMESTAMP, null, 2, 1, 'PARENT');
INSERT INTO MERIT_ACCOUNT (ID, DATE_CREATED, DATE_UPDATED, FAMILY_MEMBER_ID, BALANCE) VALUES (2, CURRENT_TIMESTAMP, null, 2, 0.0);

-- create Erik Baker (child)
INSERT INTO USER (ID, DATE_CREATED, DATE_UPDATED, FIRSTNAME, LASTNAME, USERNAME, PASSWORD, ENABLED, VALIDATED, COMMENT) VALUES (3, CURRENT_TIMESTAMP, null, 'Erik', 'Baker', 'erik.james.baker@gmail.com', '$2a$10$q7oiMdyK.6X7efMoW2CPW.Pa9IS9ksQmPHwanP17Y3IkGyup0627O', TRUE, TRUE, null);
INSERT INTO USER_ROLES (USER_ID, ROLE_ID) VALUES (3, 2);
INSERT INTO USER_ROLES (USER_ID, ROLE_ID) VALUES (3, 3);
INSERT INTO FAMILY_MEMBER (ID, DATE_CREATED, DATE_UPDATED, USER_ID, FAMILY_ID, FAMILY_MEMBER_TYPE) VALUES (3, CURRENT_TIMESTAMP, null, 3, 1, 'CHILD');
INSERT INTO MERIT_ACCOUNT (ID, DATE_CREATED, DATE_UPDATED, FAMILY_MEMBER_ID, BALANCE) VALUES (3, CURRENT_TIMESTAMP, null, 3, 0.0);
